hashtag,count
prokes5mvaksinasi,3632
covid19,3159
perketatdisiplinprokes,2117
dirumahaja,1622
covid,1603
prokesmenujuendemi,1402
jokowimampukendalikanpandemi,1395
maskerspirulina,1317
vaksinasiperketatprokes,1259
ppkm,1248
percepatanvaksinasipolri,1213
lawancovid19,1200
percepatkekebalankomunal,1139
indonesiasehatindonesiahebat,950
vaksin,948
polripastikanprokes,910
obatjerawat,802
serentakvaksinasinasional,784
infolalin,726
lalinjabar,717
sindonews,707
covid_19,705
corona,687
vaksindoortodoorbogor,686
bukanberitabiasa,643
infoll,637
polripon2021aman,599
polresmadiun,596
madiunkabupaten,583
akbpjuryleonard,568
berita,565
nikahkanmaskervaksin,547
polrimaksimalkankeamanan,529
vaksinmelindungimasyarakat,528
jogja,524
bogor,519
prokes,514
polriedukasiprokes,502
vaksinmassalbin,497
rekancommuters,491
doortodoorvaksinbin,484
vaksinasimerata,483
batalkankartuvaksin,474
pakaimasker,473
klatensukoharjosiapdivaksin,467
vaksinasi,462
maskerdanvaksin,452
ph,438
bhnasional,415
jogopasuruan,409
jokowi,404
polresbogor,394
bersatulawancovid19,393
beritajogja,386
ironipandemi,378
repost,375
jagajarak,368
jm_tertib_berlalulintas_2021,367
binvaksinasi10prov,357
pasuruankebalcovid,357
ayovaksin,354
masker,352
news,349
pandemi,344
beritaterkini,342
ppkmsukseskendalikankovid,339
korona,331
vaksintuntasekonomirebound,321
ppkmlonggarprokesjalan,314
kerajaangagal,310
menujukekebalankomunal,309
polrioptimisherdimmunity,307
polripresisi,304
bali,300
standarprokesglobal,295
kumparannews,294
ppkmdaruratsolusibaik,290
obatjerawatampuh,289
jatimbermasker,283
phkerajaangagal,280
phgagal,280
anakmudasiap,277
2dekadepartaidemokrat,275
nusabali,271
keluargamalaysia,271
semarang,266
sobatdesa,265
malaysiagazette,265
divisihumaspolri,260
pdbarengahy,259
fmtnews,257
newnormal,247
patuhippkmlawanpandemi,245
lindungdirilindungsemua,243
vaksinasicovid19,242
binvaksinasideliserdang,241
mulaidaridesa,241
viruscorona,238
dukungpenerapanppkm,232
lengkapcepatberitanya,231
jatengsiapdivaksin,229
covidmeredakarenappkm,228
ahyketumpd,226
polripastikanaman,226
binvaksinasimassal,225
jatengsuksesvaksinasi,225
vaksincapaikekebalankomunal,225
polrigelorakanvaksinasi,223
staysafe,223
beritasonora,223
indonesia,223
berbagi,223
akselerasivaksinbin,221
update,220
coronavirus,219
ponpapuaready,217
ppkmredakanpandemi,214
vaksinprokescegahthirdwave,210
india,210
pedulilindungi,210
ppkmberidampakbaik,207
dishubjabar,207
medan,205
yukbisaturun,204
patuhippkmdanvaksin,204
stayathome,204
rekorsurplusneracadagangri,202
stayhome,201
togelonline,201
vaksinselamatkanrakyat,200
result,200
agentogelonline,200
krucil4d,200
prediksitogel,200
temanpemilih,198
pdbersamaahy,197
vaksinasicegahcovid19,196
pejabatkayarakyatmenderita,195
kawanpajak,195
bersatukalahkanpandemi,194
satgascovid19,194
vaksinasimerdekapolri,193
bulanbaktipartaidemokrat,192
dukungprogramvaksinasi,191
spirulina,191
rt,188
publisherstory,188
indonesiacare,187
polridisiplinkanprokes,187
indonesiamaju,187
bersatulawancorona,185
menangbersama,183
waspadakovidvarianbaru,181
akalbulusrezim,179
depok,179
ingatpesanibu,178
sby,174
sumutsiapdivaksin,173
stayhealthy,172
milenialku,169
unismamalang,168
merahputihcom,167
nkrimajuberjaya,166
acehsiapterimavaksin,164
jabarsukseskanvaksinasi,162
bangkitbersama,161
vaksincovid19,161
rwanda,158
lindungiridenganppkm,157
lajuvaksinbin,157
armyvaccinatedtoo,154
kualalumpur,154
spirulinatiens,153
desalawancorona,152
maskervitaline,151
oshikamaba2021,148
pdiperjuangan,148
socialdistancing,144
bhdunia,144
poldakalbar,142
semuavaksinmantap,141
demokratpedulidanberbagi,139
polriadaptasikebiasaanbaru,139
ppkmsolusiredakancovid19,136
indonesialebihbaik,136
jerawat,136
ppkmuntukredakancovid,135
pandemiperkayapejabat,135
distributorresmimaskerspirulina,135
sinarharian,135
cegahcovid19,134
perpanjangppkmlawancovid,133
torangbisa,133
nasional,133
vaksinitusehat,129
shopeeid,128
pedulilindungitidakbocor,126
kemendespdtt,125
jogjaistimewa,125
rwot,124
klikrmol,122
maskerspirulinapapua,117
garansioriginal,117
pandemimeredakarenappkm,116
covid19turunberkatppkm,112
patuhippkmlawancovid,112
ayopakaimasker,112
chitin,111
ppkmsolusipalingtepat,110
ppkmlevel3,110
kabbandung,110
tempometro,108
terkini,108
polisijatimbantuaspirasi,107
tetapdirumahtaatprokes,107
icymi,107
polresacehtenggara,107
ppkmuntuklawanpandemi,106
plredampandemi,104
3yearsofpmjay,104
bebasjerawat,103
keblingervaksinbooster,101
ptm,101
garut,101
article,101
rezimkemaruk,100
buletinbernama,100
bersamacegahcovid19,99
bpjskesehatan,99
tetapprotokolkesehatan,97
sahabatganjarlarisinumkm,97
harimalaysia,97
lagimuterin,97
kitajagakita,97
jakarta,97
vaksinasi70persentercapai,96
ppkmuntukredakanpandemi,96
disiplincegahcorona,96
polriajakcucitangan,96
maskerchitin,96
beritasampit,96
antisipasithirdwave,95
gerakanberbagi,95
radionyaorangbogor,95
vaksinjagorawi,94
maskerwajah,94
rtm,93
poldakaltim,92
ppkmlindunginegeri,91
vaksìncovid19,91
cekdulumedcom,89
carabarumenikmatimedcom,89
papua,88
ppkmsuksesredakancovid,86
ponjagaprokes,86
jatim,86
physicaldistancing,85
sekolahkusiapptm,84
patuhiprokes,84
inibarugokil,84
10ribusembakotppkk,83
tempodunia,83
ayovaksinasi,83
infoonwheels,83
vaksinasinasional,83
tniad,83
sobatrbpn,82
awaninews,82
vaksindrivethru,82
kasus,82
maskerwajahpapua,82
penerapanprokes,81
patuhiprokeslawancovid19,81
vaksindanmasker,77
beritajakarta,77
bacadibj,77
temponasional,77
sobatkom,77
popnyadfas,77
5m,76
batang,76
kuybisa,76
indonesiapulih,75
kbb,75
ppkmberhasillawancovid19,74
acehkini,74
dprmakangajibuta,73
langkawi,73
ponxxpapua,73
prokes5mvaksin,72
live,72
sejutapromotor,72
vaksinpresisitnipolri,72
puanmaharani,71
puannolprestasi,71
bandung,71
ppn,71
patuhiprotokolkesehatan,70
pandemic,70
kunkerkemenpanrbkepolresbogor,69
ppkmberhasilredakancovid,69
منشا_كورونا_وسره_المكنون,69
ayocepatvaksin,69
availsemarang,69
titsjob,69
kampusnuterbaik,68
malaysiaprihatin,68
jatenggayeng,68
mencucitangan,66
ready4bo,66
disiplinprotokolkesehatan,65
ptmcegahgenerationloss,64
lembang,64
polri,63
serbuanvaksin,63
tvrinews,63
aceh,63
taatprokeslawancovid,62
divhumaspolri,62
infotoljorrs,62
semangatdisiplinppkm,61
ngibulvarianbaru,61
jawatimurbangkit,61
bukanmaen,61
emas1gm,61
1gram1bulan,61
unismakece,60
presidenselamatkanuangrakyat,59
arusbaik,59
selamatkandemokrasi,58
btsat2021tma,58
tiadaharitanparuwet,58
plagiatputusanibhrs,57
tol_jagorawi,57
sahabatbpom,57
ayovaksìncovid19,57
noamandemenalarezim,56
internasional,56
cuaca,56
sekhilafinfo,56
ppkmdemiredakancovid,56
stokvaksinterkendali,54
sudirmancup2021,54
jangankendor,53
inilahcom,53
proyekjebakanchina,52
enhypen,52
awanipagi,52
polresmalang,52
deasoka,52
covi̇d19,52
ppkmefektiflawancovid,52
vaksinuntukkesehatan,51
kimcipedes,51
ekonomi,51
inilahdotcom,51
bemunismamalang,50
ebay,50
polrestabanan,50
pdiperjuanganjabar,49
digitalnetworkmarketing,49
kodamiv,49
oppatuh,49
astrazeneca,47
lalinsonora,47
kpk,47
banggajadidemokrat,46
youthtoday,46
opini,46
alwayswithenhypen,45
ppkmsolusibaik,45
santrisiagajiwaraga,45
ppkmdiperpanjang,45
openingceremonypon,45
puan,45
jokowidodo,45
beritajatim,45
gmhr,45
akademiinspiradzi,44
ponxxpapua2021,44
np,44
guruvaksinkelasyakin,43
lbp_gagaltotal,43
ponpapua2021,43
infowisata,43
newsrctiplus,42
membangunindonesia,42
sobatbumn,42
ppkmdarurat,42
ikatancinta,42
getaranmy,42
jogobangkalan,41
jokowisuksesturunkancovid,41
jagakesehatan,41
sobatlumajang,41
sabah,41
kapolresmalang,41
palu,41
filmnussa,41
tasikmalaya,41
patuhippkmdemikebaikan,40
pd__,40
penurunancovid19,40
ppkmlevel4,40
mgtnews,40
polisiindonesia,39
kumhampasti,39
armyselcaday,39
pkkbantuwarga,38
nctzenselcaday,38
menyerobotvaksinbooster,38
lawancovid,38
breaking,38
infopolsekbadau,38
poldapapuapromoter,38
salamsehat,38
tender,38
bhwilayah,38
kpkupdates,38
protokolkesehatan,38
ppkmturunkancovid19,37
polresmeranginupdate,37
merangin,37
polresmojokertokota,37
beritartm,37
rtm75,37
dengerinpopnyadfas,37
nsd,36
bansoslanjutterus,36
gerindragebervaksin,36
dkijakarta,36
mkn50,36
btsatunga,35
bemsiditunggangikpkadrun,35
lelang,35
pembukaanponxxpapua,35
adaptasikebiasaanbaru,35
bts,35
rip_kpk,34
makincakapdigital,34
satlantasmuaraenim,34
samarinda,34
bersamalawancorona,34
arsd,34
المهدي_اليماني_ناصر_محمد,34
ditlantas,33
tetapwaspadacovid,33
jokowikendalikancovid,33
jokowilawanpandemi,33
virus,33
mnow,33
vaccine,33
gerakanberbagiuntukwarga,33
terusunggul,33
infogenwanipooll,33
kampusswastaterbaik,32
menujuherdimunnity,32
yourstories,32
tol_jorr_e,32
solidbergerak,32
vaksinmalang,32
getwellsoon_enhypen,31
benamkanrezimkorup,31
waspadacovidjilid3,31
paysatukanbagindas,31
mangsavaksin,31
etpastikanstokobat,31
aktivitastanpabatas,31
malang,31
akbpbagoeswibisono,31
maskerspirulinawirobrajan,31
engeneselcaday,30
lebihbaiksebaryangbaik,30
ppkmpastiredakancovid,30
jumatberkah,30
breakingnews,30
yustisi,30
ponpapua,30
tetapwaspadapandemi,29
unga,29
ita2021,29
polisiadem,29
maskerspirulinaklaten,29
megakorupsiasabri,28
rezimkorupantikritik,28
ganjarpranowo,28
mgflash,28
nkri,28
updates,28
lawancorona,28
kangentatapmuka,27
mobilitastetapprokes,27
lanyalla,27
magetan,27
terpopuler,27
jkt48theater9thanniv,26
bumnbangkrut,26
atasicoviddenganppkm,26
awalmedianusantara,26
prokes5m,26
yogyakarta,26
zonauang,26
sobatperkebunan,26
tol_purbaleunyi,25
tetaptolakjokowi3periode,25
lawanpandemi,25
presiden,25
redaksi,25
baca,25
tvs,25
polreswonogiri,25
kritikyangbenarpastididengar,24
lawancovid19denganppkm,24
bebaszonamerah,24
قارعه_حرب_كورونا_وحرب_المناخ,24
railway_groupd_examdate,24
katadataevent,24
vaksinasimerdeka,24
herdimmunity,24
indonesiatangguh,24
tempogaya,24
tvsnews,24
infobdg,24
papuaindonesia,24
jamune,23
bijakdalamaspirasi,23
vaksinhalal,23
vaksinbebaskanpandemi,23
ayodukungvaksinasinasional,23
jombang,23
candyหวานจังหวานใจมิวกลัฟ,23
pfizer,23
viral,23
sobatnet,23
transplantasihatidiiran,22
ensd,22
gerakantutupkuping,22
papuasiapmenggelarpon,22
gusmenteri,22
bansos,22
tiktok,22
btsarmy,22
terrorist,22
sukabumi,22
kudus,22
ingataksikejampki,21
rakyatkorbandealpolitik,21
puisi7kata,21
diperpanjang,21
janganseduhkentalmanis,21
segeravaksin,21
p5tni,21
topreport,21
vcstrusted,21
polresbangli,21
purwakarta,21
wisata,21
warondrugs,21
kegagalanjokowinyata,20
tppbanyuwangi,20
presidenbikingaduhmulu,20
jagapapua,20
vcs,20
oppofindhealth,20
cerita,20
trending,20
airlangga2024,20
stopmandatoryvaksin,20
jkwetmajukankrakatausteel,19
sampundivaksin,19
vaksinsehat,19
bacarmol,19
svara,19
lhokseumawe,19
cegahcorona,19
waspadacovidsusulan,19
bandarq,19
papuanlivesmatter,19
astrahondacare,18
salamsatuhati,18
2021presidenharusturun,18
retweetfunwithaice,18
pedulidampakppkm,18
ketatkanprokes,18
ni_ki,18
ppkmmembawadampakbaik,18
tiktokindonesia,18
data,18
astro,18
bangkitdaricovid,18
satlantasmuaranenim,18
방탄소년단,18
ismailsabripmkita,18
oshikamabaunisma2021,17
baktisosialakpol95,17
kpdnhep,17
galaxya03s,17
vaksinasiserentak,17
jokesbapackbapack,17
tokkosemestabandung,17
wisataalam,17
parlimen,17
foto,17
tempobisnis,17
presisi,17
cirebon,17
bienvenuelisa,17
pemulihanekonominasional,16
usuttuntasrp147triliun,16
patuhippkm,16
pandemijanganlengah,16
lalisa,16
berantaskstp,16
flashnews,16
fakepandemic,16
prokestertibppkmturun,16
jelajahibisnisonlinemu,16
tumbangkanrezimpki,16
ahasave,16
metgala2021,16
lpse,16
mahasiswa,16
inews,16
bantunegaraatasipandemi,16
play,16
100jutavaksinindonesia,16
youn1tselcaday,15
kenaparismamarah,15
1tahunberbagirasa,15
sahabatbantu,15
wabah,15
sikatgigisekarang,15
syariahsumberkeberkahan,15
pkidanchinaancamanri,15
opspatuh,15
baksospolripeduli,15
polriberbagi,15
polripeduli,15
salamhomecare,15
homecarebandung,15
newsupdate,15
prokescegahpandemi,15
jadilebihepic,15
whatsapp,15
covidturuntetap3m,15
vaksinasicegahkematian,14
palsu,14
ppkmampuhturunkancovid,14
dukungkpk,14
ppkmdaruratlindungikita,14
humaspoldajatim,14
الهند_تقتل_المسلمين,14
mitraperbendaharaan,14
hibah,14
dukungindonesiajuara,14
dpruntuknegeri,14
vaksinaman,14
pssday,14
sumedang,14
bootcampakademiinspiradzi,13
bansosresblitar,13
abaikankadrun,13
septemberditokopedia,13
ibhrspemimpinbangsa,13
jeketiselcaday,13
gotongroyongtaatprokes,13
ikatancintaep444,13
bioskop,13
taatprokeslawancovid19,13
tol_jorr_w2s,13
varianmu,13
zonaba,13
enhypenontma2021,13
nct127,13
papuazonaaman,13
openvcsbugil,13
temanbantuteman,13
dekadeemasakpol95,12
jokowiharusdihentikan,12
jagankri,12
solidaritasislambelaibhrs,12
mnetapologize,12
pancakeswap,12
hindarikeramaian,12
kasuscovidturun,12
ikatancintaep445,12
kki2021,12
kangenbali,12
taatprokes,12
5y,12
vaksinnusantara,12
opspatuhcandi2021,12
pppk,12
polsekngadirojp,12
ipl2021,12
hukummatikoruptor,12
solidtaataturanppkm,12
jaehyun,12
prokesketat,12
maskerchitinpapua,12
risikoacainsaja,12
youn1tday,11
astarvocalistjunkyuday,11
mantulhouse,11
vac21nation,11
komakomumy,11
kejutanselasadarishopee,11
umyogya,11
bigmacataubukan,11
sahabatvaksin,11
indihomedown,11
bpjsmelayani,11
mobilvaksinkeliling,11
nct,11
tumpaspkigayabaru,11
stopplayingwithstudentfuture,11
ikatancintaep450,11
mojokerto,11
ikatancintaep451,11
prabhas,11
polreskarimun,11
polsekngadirojo,11
iql,11
polisi,11
jokowibiangkegaduhan,11
chatroom,11
moderna,11
jatimbangkit,11
kemhangoestocampus,10
banggasepakbolakita,10
boreshahabari,10
indonesiakayadevisa,10
ngabalin,10
worldsuicidepreventionday,10
pkvgames,10
pastiprofit,10
satlantaspolresngawi,10
indahnyaberbagi,10
generasi,10
stopisuradikalisme,10
bangkalanbangkit,10
bangkalansehat,10
요한아_생일축하해,10
rezimpkibunuhiulama,10
rezimpkizalimiibhrs,10
tempootomotif,10
indonesiasehat,10
jisoo,10
psmday,10
pkipembunuhpancasila,10
cucitangan,10
myuniverse,10
adaradioplus,10
internetnyaindonesia,10
slw,10
realvcs,10
superjuniorchoiceartist,10
shopee,10
polisilalulintas,10
relawan,10
rejekiwow,10
remaja,10
youtube,10
beraniberubah,10
zonaintegritas,10
instagramdown,10
happyyoun1tday,9
menyapaindonesia,9
amanpedulilindungi,9
giveawatahc,9
50kalikedatanganvaksin,9
herdimmunityindonesia,9
exolselcaday,9
giveawayahc,9
rajneeti,9
ch,9
patuhiaturanpemerintah,9
temanrasapacar,9
belanjasuperdishopee99,9
postpone_raj_si_exam,9
kilasbalikpuan48,9
uniqloakhirnyaonline,9
tmsd,9
99shopeexsntwice,9
ketumdemokratmoeldoko,9
pedulidiridansekitar,9
poldajatim,9
tidakpastijangankongsi,9
ourpridebts,9
sunoo,9
jagadiri,9
jagakeluarga,9
jaganegara,9
pangdamsiliwangi,9
wibspesialhalodangdut,9
giveaway8jutashopeepay,9
f1,9
indianarmy,9
bisalah,9
imbauanpolri,9
ikatancintaep452,9
ayovaksintetap5m,9
tukularwana,9
aovivo,9
operationonestop,9
himaya,9
himayamy,9
ikatancintaep456,9
enhypen_jay,9
abdya,9
pembelajarantatapmuka,9
helm,9
chen,9
programfolback,9
polrescilacap,9
lantasindonesia,8
vaksindatanglagi,8
sanksibagipelanggarppkm,8
tindaktegas,8
waspadaipenyebarancovid,8
cegahpenyebarancovid,8
beijingjanganjajahkami,8
준규선생님_생일축하한다요_메롱,8
perketatdiaiplinprokes,8
kampuswastaterbaik,8
mataffisipolumy2021,8
cuacacerah,8
relaksasippkm,8
niki,8
nijisanji_id,8
boostervaksincovid19,8
menangbersamamharungicovid19,8
stokvaksincovid,8
nkrihargamati,8
anti,8
quarantineinparadise,8
getwellsoonjinjin,8
skmm,8
basmikstp,8
hadiahdarikumparan,8
ayovaksincovid,8
un1ty,8
dakwahsyariahislam,8
puncakkki2021,8
ragamaceh,8
ikatancintaep448,8
indonesiahebat,8
oppanassardiwibtvshow,8
keberhasilanpemerintah,8
coronatoegangsbewijs,8
coldplayxbts,8
kitaikhtiar,8
welovesso,8
ssosmadu2,8
2024ganjarpresiden,8
cegahpenularancovid,8
demokrasi,8
rezimpkiharusmundur,8
malamjumat,8
ingatbiadabnyag30spki,8
goto,8
winmetawin,8
polres,8
olahraga,8
superjunior,8
semarakponxxpapua2021,8
anms,8
lisa,8
semangat,8
terkiniid,8
humaspolresacehtenggara,8
whatsappdown,8
facebookdown,8
pakaihelm,7
mdsd,7
sulteng,7
ceriabarengkumparan,7
belajarbarengtreasure,7
ジュンギュかわいやー,7
sehati,7
147triliunraibkemana,7
tenggelamkanoligarki,7
bkc,7
treasuremakerselcaday,7
bongkardalangtragedikm50,7
talkshowsonora,7
kopimansap,7
musnahkanoligarki9naga,7
hospitalplaylist2ep12,7
csd,7
caratselcaday,7
manhajsalaf,7
trustedbisyar,7
vcshijab,7
thankyoutaehyung,7
sukseskanvaksinasijawatengah,7
percepatankekebalankomunal,7
pgri,7
sdgs,7
jangandibikindrama,7
jogabangkalan,7
petanikitasejahtera,7
terbaru,7
cilacap,7
bogorsehatbogorhebat,7
vaccinationdrive,7
fokus,7
batikmendunia,7
2021presidenbaru,7
sahabatairlangga,7
savekpk,7
nkri_dijeratutang,7
riki,6
prokes5nvaksinasi,6
ikatancintaep426,6
kknumy2021,6
webinarzakatwakafvol1,6
esd,6
surabayawanipulih,6
haornas2021,6
osd,6
onceselcaday,6
bukansalahcinta,6
rasirosakorlantas,6
maskermelindungikitasemua,6
teknikjuara,6
gerakaktif,6
teumeselcaday,6
ikatancintaep433,6
un1tyfruitteafest,6
acehutara,6
heybayuskak,6
ongkireceh1rb,6
ayovaksinayosehat,6
malmingwithdaniel,6
komunikasiumy,6
solidaritasislamantipki,6
btsxun,6
dgitm,6
munnew,6
round2,6
waktuindonesiaberdangdut,6
negeripulihdenganvaksin,6
dukungkpkkuat,6
kpkkuatkpkhebat,6
jisung,6
oursunshinejeongwooday,6
komunis_musuhpancasila,6
editorial,6
ngeblogdarirumah,6
polridisiplinprokes,6
perubahanperilaku,6
justicefortechstudents,6
semangatbarengkumparan,6
airlanggajangankendor,6
dejanout,6
radiotalk,6
pancasilaselaludihati,6
sobatsehat,6
아스트로,6
global,6
polseksampang,6
utangproduktifekonomiberputar,6
sekolah,6
subang,6
soreang,6
geliyorgelmekteolan,5
lamsel,5
yatim,5
suroboyowanivaksin,5
proses5mvaksinasi,5
nyatanyanyegeringerah,5
kknregulerumy,5
perketatdisplinprokes,5
newmvhanindhiya,5
hariolahraganasional,5
mstar210909,5
vaksinasimelindungimasyarakat,5
airlanggakerjakerja,5
reshuffle,5
kehadiran,5
lkmmtdftua2021,5
ecommercebaru,5
jabatanjkwgklayakdiperpanjang,5
ikatancintaep434,5
prospekcuan,5
pijatpasutri,5
mamadaring,5
islamcegahtindakanzalim,5
youthstories,5
gotarmyrightbehindyou,5
tothemaxpartyxbright,5
copotketuampr,5
hpplaytoprogress,5
sh19ld,5
sampoernauntukindonesia,5
kodepromoreddoorz,5
kostlv,5
sevasamarpan,5
yuwarajaxiii,5
